,Page total likes,Type,Post Month,Post Weekday,Post Hour,Paid,Total Interactions,Log_Interactions,Type_Grouped_Visual,Category_2,Category_3,Post_Time_Period_Evening,Post_Time_Period_Morning,Post_Time_Period_Night
0,139441,Photo,12,4,3,0,100,4.61512051684126,True,True,False,False,False,True
1,139441,Status,12,3,10,0,164,5.10594547390058,False,True,False,False,True,False
2,139441,Photo,12,3,3,0,80,4.394449154672439,True,False,True,False,False,True
3,139441,Photo,12,2,10,1,1777,7.48324441607385,True,True,False,False,True,False
4,139441,Photo,12,2,3,0,393,5.976350909297934,True,True,False,False,False,True
5,139441,Status,12,1,9,0,186,5.231108616854587,False,True,False,False,True,False
6,139441,Photo,12,1,3,1,279,5.634789603169249,True,False,True,False,False,True
7,139441,Photo,12,7,9,1,339,5.8289456176102075,True,False,True,False,True,False
8,139441,Status,12,7,3,0,192,5.262690188904886,False,True,False,False,False,True
9,139441,Photo,12,6,10,0,142,4.962844630259907,True,False,True,False,True,False
10,139441,Status,12,5,10,0,252,5.53338948872752,False,True,False,False,True,False
11,139441,Photo,12,5,10,0,106,4.672828834461906,True,True,False,False,True,False
12,139441,Photo,12,5,10,0,104,4.653960350157523,True,True,False,False,True,False
13,139441,Photo,12,5,3,0,152,5.030437921392435,True,True,False,False,False,True
14,138414,Photo,12,4,5,1,599,6.396929655216146,True,True,False,False,True,False
15,138414,Status,12,3,10,0,108,4.6913478822291435,False,True,False,False,True,False
16,138414,Photo,12,3,3,0,54,4.007333185232471,True,False,True,False,False,True
17,138414,Photo,12,2,12,1,713,6.570882962339584,True,False,False,False,False,False
18,138414,Status,12,2,3,0,75,4.330733340286331,False,False,True,False,False,True
19,138414,Photo,12,1,11,0,42,3.7612001156935624,True,False,True,False,True,False
20,138414,Photo,12,1,3,0,81,4.406719247264253,True,True,False,False,False,True
21,138414,Photo,12,7,10,0,0,0.0,True,False,False,False,True,False
22,138414,Link,12,7,10,0,18,2.9444389791664403,False,False,False,False,True,False
23,138414,Photo,12,7,3,0,96,4.574710978503383,True,False,True,False,False,True
24,138414,Status,12,6,10,0,121,4.804021044733257,False,True,False,False,True,False
25,138458,Status,12,6,3,0,106,4.672828834461906,False,True,False,False,False,True
26,138458,Status,12,5,11,0,494,6.20455776256869,False,True,False,False,True,False
27,138458,Photo,12,5,3,0,117,4.770684624465665,True,False,True,False,False,True
28,138895,Photo,12,5,3,0,622,6.434546518787453,True,True,False,False,False,True
29,138895,Video,12,4,11,1,174,5.1647859739235145,True,False,False,False,True,False
30,138895,Photo,12,4,2,0,162,5.093750200806762,True,True,False,False,False,True
31,138895,Photo,12,3,10,0,39,3.6888794541139363,True,True,False,False,True,False
32,138895,Photo,12,3,3,0,204,5.3230099791384085,True,False,True,False,False,True
33,138895,Photo,12,2,9,0,125,4.836281906951478,True,False,True,False,True,False
34,138895,Photo,12,2,3,0,75,4.330733340286331,True,False,False,False,False,True
35,138895,Photo,12,1,11,0,199,5.298317366548036,True,True,False,False,True,False
36,138895,Photo,12,1,3,0,113,4.736198448394496,True,False,True,False,False,True
37,138895,Photo,12,7,10,1,100,4.61512051684126,True,False,False,False,True,False
38,138895,Status,12,7,9,0,269,5.598421958998375,False,True,False,False,True,False
39,138895,Photo,12,7,3,0,59,4.0943445622221,True,False,False,False,False,True
40,138895,Status,12,6,11,0,262,5.572154032177765,False,True,False,False,True,False
41,138895,Link,12,6,3,1,211,5.356586274672012,False,False,False,False,False,True
42,138353,Photo,12,5,10,0,36,3.6109179126442243,True,False,False,False,True,False
43,138353,Link,12,5,3,1,46,3.8501476017100584,False,False,False,False,False,True
44,138353,Photo,12,4,11,0,58,4.07753744390572,True,False,False,False,True,False
45,138353,Link,12,4,3,1,71,4.276666119016055,False,False,False,False,False,True
46,138353,Status,12,3,11,0,214,5.3706380281276624,False,False,False,False,True,False
47,138353,Link,12,3,2,0,32,3.4965075614664802,False,False,False,False,False,True
48,138353,Photo,12,2,11,0,92,4.532599493153256,True,False,False,False,True,False
49,138353,Link,12,2,2,0,14,2.70805020110221,False,False,False,False,False,True
50,138353,Photo,11,1,9,0,58,4.07753744390572,True,True,False,False,True,False
51,138329,Photo,11,1,3,1,337,5.823045895483019,True,False,False,False,False,True
52,138329,Photo,11,7,9,0,242,5.493061443340548,True,False,False,False,True,False
53,138329,Photo,11,7,3,0,87,4.477336814478207,True,False,False,False,False,True
54,138329,Photo,11,6,10,0,83,4.430816798843313,True,False,False,False,True,False
55,138329,Video,11,6,2,1,81,4.406719247264253,True,False,False,False,False,True
56,138329,Photo,11,5,11,0,220,5.3981627015177525,True,False,False,False,True,False
57,138329,Photo,11,5,3,0,53,3.9889840465642745,True,False,False,False,False,True
58,138329,Photo,11,4,10,0,90,4.51085950651685,True,False,False,False,True,False
59,138329,Photo,11,4,3,1,160,5.081404364984463,True,False,False,False,False,True
60,138185,Photo,11,3,11,1,123,4.820281565605037,True,False,False,False,True,False
61,138185,Photo,11,3,2,1,162,5.093750200806762,True,False,False,False,False,True
62,138185,Photo,11,2,10,1,202,5.313205979041787,True,False,False,False,True,False
63,138185,Photo,11,2,3,1,245,5.5053315359323625,True,False,False,False,False,True
64,138185,Photo,11,1,10,0,69,4.248495242049359,True,False,False,False,True,False
65,138185,Photo,11,1,3,0,119,4.787491742782046,True,False,False,False,False,True
66,138185,Photo,11,7,11,0,55,4.02535169073515,True,False,False,False,True,False
67,138185,Photo,11,7,3,1,787,6.669498089857879,True,False,False,False,False,True
68,138185,Photo,11,6,11,0,70,4.2626798770413155,True,False,False,False,True,False
69,137893,Photo,11,6,3,0,119,4.787491742782046,True,False,False,False,False,True
70,137893,Photo,11,5,10,1,162,5.093750200806762,True,False,False,False,True,False
71,137893,Video,11,5,3,1,550,6.311734809152915,True,False,False,False,False,True
72,137893,Status,11,4,11,0,273,5.6131281063880705,False,False,True,False,True,False
73,137893,Photo,11,4,2,1,233,5.455321115357702,True,False,False,False,False,True
74,137893,Video,11,3,11,0,114,4.74493212836325,True,False,False,False,True,False
75,137893,Photo,11,3,2,1,505,6.226536669287466,True,False,False,False,False,True
76,137893,Photo,11,3,2,0,0,0.0,True,False,False,False,False,True
77,137177,Photo,11,1,10,0,97,4.584967478670572,True,False,False,False,True,False
78,137177,Photo,11,1,3,0,64,4.174387269895637,True,True,False,False,False,True
79,137177,Photo,11,7,12,0,38,3.6635616461296463,True,False,False,False,False,False
80,137177,Status,11,7,3,0,101,4.624972813284271,False,True,False,False,False,True
81,137177,Photo,11,6,10,0,441,6.091309882077698,True,False,True,False,True,False
82,137177,Photo,11,6,3,0,252,5.53338948872752,True,False,False,False,False,True
83,137177,Photo,11,5,10,1,122,4.812184355372417,True,False,True,False,True,False
84,137177,Status,11,5,2,0,117,4.770684624465665,False,False,True,False,False,True
85,137177,Photo,11,4,9,1,158,5.0689042022202315,True,False,False,False,True,False
86,137177,Link,11,4,3,0,163,5.099866427824199,False,False,False,False,False,True
87,137177,Photo,11,3,10,0,311,5.7430031878094825,True,False,True,False,True,False
88,137177,Photo,11,3,3,0,39,3.6888794541139363,True,False,False,False,False,True
89,137059,Photo,11,2,11,1,126,4.844187086458591,True,False,False,False,True,False
90,137059,Photo,11,2,3,0,421,6.045005314036012,True,False,False,False,False,True
91,137059,Photo,11,1,9,0,91,4.5217885770490405,True,True,False,False,True,False
92,137059,Photo,11,1,3,0,342,5.8377304471659395,True,False,True,False,False,True
93,137059,Photo,11,7,9,0,129,4.867534450455582,True,False,True,False,True,False
94,137059,Photo,11,7,4,0,148,5.003946305945459,True,True,False,False,False,True
95,137059,Photo,10,6,10,0,185,5.225746673713202,True,False,True,False,True,False
96,137059,Photo,10,6,3,0,65,4.189654742026425,True,False,False,False,False,True
97,137059,Photo,10,5,11,0,142,4.962844630259907,True,True,False,False,True,False
98,137020,Status,10,5,3,1,378,5.937536205082426,False,True,False,False,False,True
99,137020,Photo,10,4,10,0,430,6.066108090103747,True,False,False,False,True,False
100,137020,Photo,10,4,9,1,0,0.0,True,False,False,False,True,False
101,137020,Photo,10,4,3,0,1626,7.394493107219038,True,True,False,False,False,True
102,137020,Photo,10,3,10,0,79,4.382026634673881,True,False,True,False,True,False
103,137020,Photo,10,3,4,0,17,2.8903717578961645,True,False,False,False,False,True
104,137020,Photo,10,2,11,1,72,4.290459441148391,True,False,False,False,True,False
105,137020,Photo,10,2,4,0,1136,7.036148493750536,True,False,False,False,False,True
106,137020,Photo,10,1,11,0,222,5.407171771460119,True,False,True,False,True,False
107,136736,Status,10,1,4,0,238,5.476463551931511,False,True,False,False,False,True
108,136736,Photo,10,7,9,0,148,5.003946305945459,True,False,True,False,True,False
109,136736,Status,10,7,3,0,271,5.605802066295998,False,True,False,False,False,True
110,136736,Photo,10,6,10,0,34,3.5553480614894135,True,False,False,False,True,False
111,136736,Photo,10,6,8,0,0,0.0,True,False,False,False,True,False
112,136736,Photo,10,6,4,0,139,4.941642422609304,True,True,False,False,False,True
113,136642,Photo,10,1,3,1,97,4.584967478670572,True,True,False,False,False,True
114,136642,Photo,10,7,13,0,17,2.8903717578961645,True,False,False,False,False,False
115,136642,Photo,10,7,12,1,6,1.9459101490553132,True,False,False,False,False,False
116,136642,Photo,10,7,12,0,458,6.129050210060545,True,False,False,False,False,False
117,136642,Photo,10,7,11,0,7,2.0794415416798357,True,False,False,False,True,False
118,136642,Photo,10,7,10,0,9,2.302585092994046,True,False,False,False,True,False
119,136393,Photo,10,7,10,0,8,2.1972245773362196,True,False,False,False,True,False
120,136393,Photo,10,7,9,0,2,1.0986122886681098,True,False,False,False,True,False
121,136393,Status,10,7,9,0,232,5.4510384535657,False,True,False,False,True,False
122,136393,Photo,10,7,8,0,4,1.6094379124341003,True,False,False,False,True,False
123,136393,Photo,10,7,7,0,6,1.9459101490553132,True,False,False,False,True,False
124,136393,Photo,10,7,6,0,7,2.0794415416798357,True,False,False,False,True,False
125,136393,Photo,10,7,5,0,9,2.302585092994046,True,False,False,False,True,False
126,136393,Photo,10,7,3,0,242,5.493061443340548,True,False,True,False,False,True
127,136393,Photo,10,6,13,0,10,2.3978952727983707,True,False,False,False,False,False
128,136393,Photo,10,6,13,0,5,1.791759469228055,True,False,False,False,False,False
129,136393,Photo,10,6,12,0,3,1.3862943611198906,True,False,False,False,False,False
130,136393,Photo,10,6,11,0,10,2.3978952727983707,True,False,False,False,True,False
131,136393,Photo,10,6,9,0,10,2.3978952727983707,True,False,False,False,True,False
132,136393,Photo,10,6,9,0,10,2.3978952727983707,True,False,False,False,True,False
133,136393,Photo,10,6,8,0,12,2.5649493574615367,True,False,False,False,True,False
134,136393,Photo,10,6,6,0,34,3.5553480614894135,True,False,False,False,True,False
135,136393,Photo,10,6,2,0,68,4.23410650459726,True,False,False,False,False,True
136,136393,Link,10,5,10,0,48,3.8918202981106265,False,False,False,False,True,False
137,136013,Photo,10,5,8,0,39,3.6888794541139363,True,False,False,False,True,False
138,136013,Status,10,5,3,0,154,5.043425116919247,False,True,False,False,False,True
139,136013,Photo,10,4,10,1,100,4.61512051684126,True,False,False,False,True,False
140,136013,Link,10,4,3,0,202,5.313205979041787,False,False,False,False,False,True
141,136013,Status,10,3,10,0,265,5.583496308781699,False,False,True,False,True,False
142,136013,Status,10,3,2,1,1009,6.917705609835305,False,True,False,False,False,True
143,136013,Photo,10,2,10,1,447,6.104793232414985,True,False,True,False,True,False
144,136013,Photo,10,2,3,1,53,3.9889840465642745,True,False,False,False,False,True
145,136013,Photo,10,1,10,1,96,4.574710978503383,True,False,False,False,True,False
146,136013,Photo,10,1,3,0,204,5.3230099791384085,True,False,True,False,False,True
147,135713,Photo,10,7,10,0,94,4.553876891600541,True,False,True,False,True,False
148,135713,Status,10,7,4,0,179,5.19295685089021,False,True,False,False,False,True
149,135713,Link,10,6,11,1,35,3.58351893845611,False,False,False,False,True,False
150,135713,Photo,10,6,4,0,367,5.908082938168931,True,False,False,False,False,True
151,135713,Photo,10,5,11,0,200,5.303304908059076,True,True,False,False,True,False
152,135713,Photo,10,5,4,1,454,6.12029741895095,True,True,False,False,False,True
153,135713,Photo,10,4,10,0,193,5.267858159063328,True,False,False,False,True,False
154,135713,Photo,10,4,1,0,387,5.961005339623274,True,True,False,False,False,True
155,135700,Photo,9,3,7,0,70,4.2626798770413155,True,True,False,False,True,False
156,135700,Photo,9,2,11,0,163,5.099866427824199,True,True,False,False,True,False
157,135700,Photo,9,2,2,0,137,4.927253685157205,True,False,True,False,False,True
158,135700,Photo,9,1,10,0,252,5.53338948872752,True,True,False,False,True,False
159,135617,Photo,9,1,3,1,98,4.59511985013459,True,True,False,False,False,True
160,135617,Photo,9,7,9,0,409,6.016157159698354,True,False,True,False,True,False
161,135617,Photo,9,7,3,0,282,5.645446897643238,True,True,False,False,False,True
162,135617,Photo,9,6,10,0,410,6.018593214496234,True,False,True,False,True,False
163,135617,Status,9,6,4,0,288,5.666426688112432,False,True,False,False,False,True
164,135428,Photo,9,5,10,0,18,2.9444389791664403,True,False,False,False,True,False
165,135428,Photo,9,5,3,1,132,4.890349128221754,True,True,False,False,False,True
166,135428,Photo,9,4,10,1,84,4.442651256490317,True,False,False,False,True,False
167,135428,Photo,9,4,2,1,557,6.324358962381311,True,False,True,False,False,True
168,135428,Photo,9,3,10,0,1974,7.5883236773352225,True,False,False,False,True,False
169,135428,Photo,9,3,2,1,121,4.804021044733257,True,True,False,False,False,True
170,135195,Photo,9,2,9,0,217,5.384495062789089,True,False,True,False,True,False
171,135195,Photo,9,2,2,0,38,3.6635616461296463,True,False,False,False,False,True
172,135195,Status,9,1,10,0,228,5.43372200355424,False,True,False,False,True,False
173,135195,Photo,9,1,4,0,225,5.420534999272286,True,False,False,False,False,True
174,135195,Photo,9,7,3,0,243,5.497168225293202,True,True,False,False,False,True
175,135195,Status,9,6,10,1,189,5.247024072160486,False,True,False,False,True,False
176,135195,Photo,9,6,3,1,1174,7.069023426578259,True,False,True,False,False,True
177,135195,Photo,9,5,11,0,276,5.6240175061873385,True,False,False,False,True,False
178,135195,Photo,9,5,2,0,299,5.703782474656201,True,True,False,False,False,True
179,135195,Photo,9,4,10,0,194,5.272999558563747,True,True,False,False,True,False
180,134879,Status,9,4,4,1,199,5.298317366548036,False,True,False,False,False,True
181,134879,Photo,9,3,10,0,114,4.74493212836325,True,False,False,False,True,False
182,134879,Photo,9,3,2,1,271,5.605802066295998,True,False,True,False,False,True
183,134879,Video,9,2,10,0,472,6.159095388491933,True,False,False,False,True,False
184,134879,Photo,9,2,3,0,90,4.51085950651685,True,True,False,False,False,True
185,134879,Photo,9,1,10,0,72,4.290459441148391,True,False,False,False,True,False
186,134879,Photo,9,1,6,0,263,5.575949103146316,True,True,False,False,True,False
187,134879,Photo,9,7,10,0,67,4.219507705176107,True,True,False,False,True,False
188,134879,Photo,9,7,4,1,117,4.770684624465665,True,False,True,False,False,True
189,133679,Photo,9,2,10,0,164,5.10594547390058,True,True,False,False,True,False
190,133679,Photo,9,2,3,1,119,4.787491742782046,True,False,True,False,False,True
191,133679,Photo,8,1,10,0,818,6.70808408385307,True,False,True,False,True,False
192,133679,Photo,8,1,4,0,70,4.2626798770413155,True,True,False,False,False,True
193,133594,Photo,8,7,10,1,133,4.897839799950911,True,True,False,False,True,False
194,133594,Photo,8,7,3,0,490,6.19644412779452,True,False,False,False,False,True
195,133594,Photo,8,6,10,0,330,5.802118375377063,True,True,False,False,True,False
196,133594,Photo,8,6,8,0,73,4.30406509320417,True,False,False,False,True,False
197,133594,Photo,8,5,13,0,60,4.110873864173311,True,True,False,False,False,False
198,133451,Photo,8,4,9,1,32,3.4965075614664802,True,False,False,False,True,False
199,132817,Photo,8,4,10,0,1290,7.1631723908466425,True,False,True,False,True,False
200,132817,Photo,8,4,3,1,166,5.117993812416755,True,True,False,False,False,True
201,132817,Photo,8,3,9,0,45,3.828641396489095,True,False,False,False,True,False
202,132817,Status,8,3,2,1,70,4.2626798770413155,False,True,False,False,False,True
203,132817,Photo,8,2,10,0,243,5.497168225293202,True,False,True,False,True,False
204,132817,Photo,8,2,3,0,132,4.890349128221754,True,False,True,False,False,True
205,132201,Photo,8,1,12,1,42,3.7612001156935624,True,False,False,False,False,False
206,132201,Photo,8,1,3,0,931,6.837332814685591,True,False,False,False,False,True
207,132201,Photo,8,7,10,0,162,5.093750200806762,True,True,False,False,True,False
208,132201,Photo,8,7,3,0,66,4.204692619390966,True,False,True,False,False,True
209,132201,Photo,8,6,10,1,98,4.59511985013459,True,True,False,False,True,False
210,132201,Photo,8,6,3,1,107,4.68213122712422,True,False,True,False,False,True
211,132201,Photo,8,5,10,0,287,5.662960480135946,True,False,True,False,True,False
212,132201,Photo,8,5,1,0,50,3.9318256327243257,True,True,False,False,False,True
213,132201,Photo,8,4,11,1,15,2.772588722239781,True,False,True,False,True,False
214,132201,Photo,8,4,3,1,470,6.154858094016418,True,False,True,False,False,True
215,131956,Photo,8,3,10,0,126,4.844187086458591,True,False,False,False,True,False
216,131956,Photo,8,3,4,0,28,3.367295829986474,True,True,False,False,False,True
217,131956,Status,8,2,12,0,57,4.060443010546419,False,True,False,False,False,False
218,131956,Photo,8,2,7,0,100,4.61512051684126,True,False,False,False,True,False
219,131956,Photo,8,1,12,0,271,5.605802066295998,True,False,True,False,False,False
220,131956,Photo,8,1,4,0,96,4.574710978503383,True,True,False,False,False,True
221,131956,Photo,8,7,10,0,212,5.3612921657094255,True,False,True,False,True,False
222,131808,Status,8,7,4,0,86,4.465908118654584,False,True,False,False,False,True
223,131808,Status,8,6,10,1,404,6.003887067106539,False,True,False,False,True,False
224,131808,Photo,8,6,6,0,103,4.6443908991413725,True,False,False,False,True,False
225,131808,Status,7,5,14,0,121,4.804021044733257,False,True,False,False,False,False
226,131728,Photo,7,5,8,1,217,5.384495062789089,True,False,True,False,True,False
227,131728,Photo,7,4,10,1,126,4.844187086458591,True,False,False,False,True,False
228,131728,Photo,7,4,3,0,456,6.124683390894205,True,True,False,False,False,True
229,131630,Photo,7,3,13,0,130,4.875197323201151,True,True,False,False,False,False
230,131630,Photo,7,2,23,0,135,4.912654885736052,True,False,True,False,False,True
231,131630,Photo,7,2,13,0,114,4.74493212836325,True,False,True,False,False,False
232,131630,Status,7,2,6,1,21,3.091042453358316,False,True,False,False,True,False
233,131630,Photo,7,1,11,0,54,4.007333185232471,True,False,False,False,True,False
234,131630,Photo,7,1,5,0,120,4.795790545596741,True,True,False,False,True,False
235,131300,Status,7,7,10,0,17,2.8903717578961645,False,True,False,False,True,False
236,131300,Photo,7,7,4,0,294,5.68697535633982,True,False,True,False,False,True
237,131300,Photo,7,6,10,0,139,4.941642422609304,True,True,False,False,True,False
238,131300,Photo,7,6,2,0,128,4.859812404361672,True,False,False,False,False,True
239,130791,Photo,7,5,11,1,186,5.231108616854587,True,True,False,False,True,False
240,130791,Photo,7,5,3,0,624,6.437751649736401,True,False,True,False,False,True
241,130791,Photo,7,4,11,0,144,4.976733742420574,True,False,False,False,True,False
242,130791,Status,7,4,6,0,572,6.35088571671474,False,True,False,False,True,False
243,130791,Video,7,3,11,1,409,6.016157159698354,True,False,False,False,True,False
244,130791,Photo,7,3,5,1,6334,8.75384509275524,True,True,False,False,True,False
245,130791,Photo,7,2,13,0,188,5.241747015059643,True,False,False,False,False,False
246,130791,Photo,7,2,8,0,88,4.48863636973214,True,True,False,False,True,False
247,129600,Photo,7,1,12,0,115,4.7535901911063645,True,True,False,False,False,False
248,129600,Photo,7,1,6,0,118,4.77912349311153,True,False,True,False,True,False
249,129600,Photo,7,7,11,1,68,4.23410650459726,True,True,False,False,True,False
250,129600,Photo,7,7,6,1,85,4.454347296253507,True,False,False,False,True,False
251,129600,Photo,7,6,11,0,234,5.459585514144159,True,False,False,False,True,False
252,129600,Photo,7,6,5,0,274,5.616771097666572,True,False,True,False,True,False
253,129600,Status,7,5,12,1,300,5.707110264748875,False,True,False,False,False,False
254,129600,Photo,7,5,3,0,823,6.714170529909472,True,False,True,False,False,True
255,129600,Photo,7,4,12,1,85,4.454347296253507,True,True,False,False,False,False
256,129600,Photo,7,4,6,1,160,5.081404364984463,True,False,False,False,True,False
257,129600,Photo,7,3,13,1,118,4.77912349311153,True,False,False,False,False,False
258,129600,Photo,7,3,1,0,203,5.318119993844216,True,True,False,False,False,True
259,129600,Photo,7,2,13,0,202,5.313205979041787,True,False,True,False,False,False
260,129600,Photo,7,2,7,1,143,4.969813299576001,True,True,False,False,True,False
261,129600,Photo,7,1,13,0,290,5.673323267171493,True,False,False,False,False,False
262,128032,Photo,7,1,3,0,79,4.382026634673881,True,True,False,False,False,True
263,128032,Photo,7,7,11,1,75,4.330733340286331,True,True,False,False,True,False
264,128032,Photo,7,7,3,0,596,6.391917113392602,True,False,True,False,False,True
265,128032,Photo,7,6,13,1,55,4.02535169073515,True,False,True,False,False,False
266,128032,Photo,7,6,3,0,101,4.624972813284271,True,False,False,False,False,True
267,128032,Status,7,5,10,0,87,4.477336814478207,False,True,False,False,True,False
268,128032,Photo,7,5,3,0,195,5.278114659230517,True,False,False,False,False,True
269,128032,Photo,7,4,9,1,53,3.9889840465642745,True,False,False,False,True,False
270,128032,Photo,7,4,5,1,730,6.594413459749778,True,True,False,False,True,False
271,128032,Photo,7,3,10,1,269,5.598421958998375,True,False,False,False,True,False
272,127082,Photo,7,3,3,1,587,6.376726947898627,True,False,False,False,False,True
273,126424,Photo,7,4,12,0,171,5.147494476813453,True,False,True,False,False,False
274,126424,Photo,7,4,3,0,71,4.276666119016055,True,True,False,False,False,True
275,126424,Status,7,3,13,0,148,5.003946305945459,False,True,False,False,False,False
276,126424,Photo,7,3,4,1,30,3.4339872044851463,True,False,True,False,False,True
277,126424,Video,6,2,13,0,271,5.605802066295998,True,False,False,False,False,False
278,126345,Photo,6,2,9,1,218,5.389071729816501,True,False,False,False,True,False
279,126345,Photo,6,2,3,0,194,5.272999558563747,True,False,False,False,False,True
280,126345,Photo,6,1,12,0,49,3.912023005428146,True,True,False,False,False,False
281,126345,Photo,6,1,4,0,89,4.499809670330265,True,True,False,False,False,True
282,126345,Status,6,7,11,0,117,4.770684624465665,False,True,False,False,True,False
283,126141,Photo,6,7,4,1,39,3.6888794541139363,True,False,False,False,False,True
284,126141,Photo,6,6,12,0,152,5.030437921392435,True,False,False,False,False,False
285,126141,Status,6,6,4,0,94,4.553876891600541,False,True,False,False,False,True
286,126141,Photo,6,5,11,1,18,2.9444389791664403,True,False,False,False,True,False
287,126141,Photo,6,4,22,1,125,4.836281906951478,True,False,False,False,False,True
288,126141,Photo,6,4,12,0,605,6.406879986069314,True,False,False,False,False,False
289,125612,Photo,6,4,11,0,67,4.219507705176107,True,False,False,False,True,False
290,125612,Photo,6,4,7,0,25,3.258096538021482,True,False,False,False,True,False
291,125612,Photo,6,4,3,0,172,5.153291594497779,True,True,False,False,False,True
292,125612,Photo,6,3,11,0,24,3.2188758248682006,True,False,False,False,True,False
293,125612,Photo,6,3,3,0,95,4.564348191467836,True,True,False,False,False,True
294,125612,Photo,6,2,13,0,93,4.543294782270004,True,False,False,False,False,False
295,125612,Photo,6,2,2,0,66,4.204692619390966,True,False,False,False,False,True
296,125612,Photo,6,1,14,0,117,4.770684624465665,True,False,True,False,False,False
297,125612,Photo,6,1,3,0,72,4.290459441148391,True,False,True,False,False,True
298,125612,Photo,6,7,11,0,94,4.553876891600541,True,True,False,False,True,False
299,124940,Photo,6,7,4,0,15,2.772588722239781,True,False,False,False,False,True
300,124940,Photo,6,6,9,0,285,5.655991810819852,True,True,False,False,True,False
301,124940,Photo,6,6,2,1,89,4.499809670330265,True,False,True,False,False,True
302,124940,Photo,6,5,13,1,234,5.459585514144159,True,False,False,False,False,False
303,124940,Photo,6,5,3,1,363,5.8971538676367405,True,False,True,False,False,True
304,124940,Photo,6,4,12,0,155,5.049856007249537,True,False,False,False,False,False
305,124940,Photo,6,4,2,0,238,5.476463551931511,True,False,True,False,False,True
306,124940,Photo,6,3,13,0,188,5.241747015059643,True,True,False,False,False,False
307,124940,Photo,6,3,3,1,184,5.220355825078324,True,False,True,False,False,True
308,124940,Photo,6,2,13,0,163,5.099866427824199,True,False,True,False,False,False
309,124940,Photo,6,2,3,0,135,4.912654885736052,True,False,True,False,False,True
310,124940,Photo,6,1,13,0,25,3.258096538021482,True,False,False,False,False,False
311,124940,Photo,6,1,3,0,99,4.605170185988092,True,False,True,False,False,True
312,124940,Photo,6,7,10,0,73,4.30406509320417,True,False,True,False,True,False
313,124940,Photo,6,7,3,1,82,4.418840607796598,True,False,True,False,False,True
314,124940,Photo,6,6,12,1,28,3.367295829986474,True,False,False,False,False,False
315,124940,Photo,6,6,4,0,218,5.389071729816501,True,False,True,False,False,True
316,123047,Photo,6,5,12,0,75,4.330733340286331,True,False,True,False,False,False
317,123047,Photo,6,5,3,0,90,4.51085950651685,True,True,False,False,False,True
318,123047,Photo,6,4,13,0,226,5.424950017481403,True,False,True,False,False,False
319,123047,Photo,6,4,5,1,235,5.4638318050256105,True,True,False,False,True,False
320,123047,Photo,6,3,11,0,41,3.7376696182833684,True,False,False,False,True,False
321,123047,Photo,6,2,13,0,59,4.0943445622221,True,False,True,False,False,False
322,123047,Photo,6,2,5,1,83,4.430816798843313,True,False,True,False,True,False
323,123047,Photo,6,1,10,0,1439,7.272398392570047,True,False,True,False,True,False
324,123047,Photo,6,1,3,1,65,4.189654742026425,True,False,True,False,False,True
325,121540,Photo,6,1,3,0,45,3.828641396489095,True,False,True,False,False,True
326,121540,Photo,5,7,14,0,97,4.584967478670572,True,True,False,False,False,False
327,120050,Photo,5,5,9,1,122,4.812184355372417,True,False,True,False,True,False
328,120050,Photo,5,4,12,0,691,6.539585955617669,True,False,True,False,False,False
329,120050,Photo,5,4,4,1,180,5.198497031265826,True,False,True,False,False,True
330,120050,Photo,5,3,12,0,251,5.529429087511423,True,False,True,False,False,False
331,119198,Photo,5,3,5,0,134,4.90527477843843,True,False,True,False,True,False
332,119198,Photo,5,2,12,0,60,4.110873864173311,True,False,True,False,False,False
333,119198,Photo,5,2,1,0,84,4.442651256490317,True,False,True,False,False,True
334,119198,Status,5,1,2,0,67,4.219507705176107,False,True,False,False,False,True
335,119198,Photo,5,7,2,0,180,5.198497031265826,True,True,False,False,False,True
336,119198,Photo,5,6,14,0,83,4.430816798843313,True,False,True,False,False,False
337,119198,Photo,5,6,6,0,99,4.605170185988092,True,False,True,False,True,False
338,119198,Photo,5,5,10,1,313,5.749392985908253,True,False,True,False,True,False
339,117764,Photo,5,4,10,0,390,5.968707559985366,True,False,False,False,True,False
340,117764,Photo,5,4,4,0,254,5.541263545158426,True,False,True,False,False,True
341,117764,Photo,5,3,11,0,114,4.74493212836325,True,False,True,False,True,False
342,117764,Photo,5,2,11,0,232,5.4510384535657,True,True,False,False,True,False
343,117764,Photo,5,1,13,1,136,4.919980925828125,True,False,True,False,False,False
344,117764,Link,5,1,2,0,63,4.1588830833596715,False,False,False,False,False,True
345,117764,Photo,5,7,13,1,179,5.19295685089021,True,False,True,False,False,False
346,117764,Photo,5,7,2,0,948,6.855408798609928,True,False,True,False,False,True
347,117764,Photo,5,6,13,0,72,4.290459441148391,True,False,True,False,False,False
348,117764,Photo,5,6,8,1,190,5.25227342804663,True,False,True,False,True,False
349,117764,Photo,5,5,13,0,1806,7.499423290592229,True,False,True,False,False,False
350,116435,Photo,5,5,9,0,190,5.25227342804663,True,True,False,False,True,False
351,116435,Photo,5,4,13,1,203,5.318119993844216,True,False,True,False,False,False
352,116435,Status,5,4,3,1,255,5.545177444479562,False,False,False,False,False,True
353,116435,Photo,5,3,7,0,429,6.063785208687608,True,False,True,False,True,False
354,116435,Photo,5,2,14,0,118,4.77912349311153,True,True,False,False,False,False
355,116435,Photo,5,2,8,0,188,5.241747015059643,True,False,False,False,True,False
356,116435,Photo,5,1,13,0,167,5.123963979403259,True,False,True,False,False,False
357,116091,Photo,5,1,3,0,309,5.736572297479192,True,True,False,False,False,True
358,116091,Photo,5,7,14,0,174,5.1647859739235145,True,True,False,False,False,False
359,116091,Photo,5,7,2,0,335,5.817111159963204,True,False,True,False,False,True
360,116091,Photo,5,6,9,0,99,4.605170185988092,True,False,False,False,True,False
361,116091,Photo,5,6,3,0,105,4.663439094112067,True,False,True,False,False,True
362,116091,Status,5,5,7,0,166,5.117993812416755,False,True,False,False,True,False
363,115893,Photo,4,4,15,1,210,5.351858133476067,True,False,True,False,False,False
364,115893,Photo,4,3,13,0,236,5.4680601411351315,True,False,False,False,False,False
365,115368,Photo,4,3,8,0,157,5.062595033026967,True,False,True,False,True,False
366,115368,Photo,4,2,13,0,355,5.87493073085203,True,False,True,False,False,False
367,115368,Photo,4,2,2,1,189,5.247024072160486,True,False,True,False,False,True
368,115368,Photo,4,1,2,0,54,4.007333185232471,True,False,False,False,False,True
369,113028,Photo,4,7,3,1,200,5.303304908059076,True,True,False,False,False,True
370,113028,Photo,4,6,14,0,528,6.270988431858299,True,False,False,False,False,False
371,113028,Status,4,6,3,1,587,6.376726947898627,False,True,False,False,False,True
372,113028,Link,4,5,7,1,56,4.04305126783455,False,False,False,False,True,False
373,113028,Photo,4,5,5,0,121,4.804021044733257,True,False,False,False,True,False
374,113028,Photo,4,4,12,1,75,4.330733340286331,True,False,False,False,False,False
375,111620,Photo,4,4,7,1,316,5.75890177387728,True,False,True,False,True,False
376,111620,Photo,4,3,7,0,79,4.382026634673881,True,False,True,False,True,False
377,111620,Photo,4,2,13,1,295,5.69035945432406,True,False,True,False,False,False
378,111620,Photo,4,2,6,1,165,5.111987788356544,True,False,False,False,True,False
379,111620,Photo,4,1,14,1,2177,7.686162303492906,True,False,True,False,False,False
380,111620,Photo,4,7,14,0,212,5.3612921657094255,True,False,False,False,False,False
381,109670,Photo,4,6,20,0,280,5.638354669333745,True,False,True,True,False,False
382,109670,Photo,4,6,13,0,87,4.477336814478207,True,False,False,False,False,False
383,109670,Photo,4,6,3,0,122,4.812184355372417,True,False,True,False,False,True
384,109670,Photo,4,5,13,0,69,4.248495242049359,True,False,False,False,False,False
385,109670,Photo,4,5,7,1,183,5.214935757608986,True,False,True,False,True,False
386,109670,Photo,4,4,3,0,56,4.04305126783455,True,False,False,False,False,True
387,109670,Photo,4,3,13,1,126,4.844187086458591,True,False,False,False,False,False
388,109670,Photo,4,3,8,0,40,3.713572066704308,True,False,False,False,True,False
389,109670,Photo,4,2,13,0,44,3.8066624897703196,True,False,False,False,False,False
390,109670,Photo,4,2,2,1,62,4.143134726391533,True,False,True,False,False,True
391,109670,Photo,4,1,13,1,881,6.782192056006791,True,True,False,False,False,False
392,109670,Photo,4,1,2,0,115,4.7535901911063645,True,False,False,False,False,True
393,109670,Photo,4,7,14,0,71,4.276666119016055,True,False,True,False,False,False
394,107907,Photo,4,7,13,0,138,4.9344739331306915,True,False,True,False,False,False
395,107907,Photo,4,6,9,0,58,4.07753744390572,True,False,False,False,True,False
396,107907,Photo,4,6,3,1,115,4.7535901911063645,True,False,True,False,False,True
397,107907,Photo,4,5,9,0,97,4.584967478670572,True,False,False,False,True,False
398,107907,Photo,4,5,3,0,90,4.51085950651685,True,False,True,False,False,True
399,107907,Photo,4,4,13,0,225,5.420534999272286,True,False,True,False,False,False
400,107907,Photo,4,4,5,1,122,4.812184355372417,True,False,True,False,True,False
401,107907,Photo,4,3,13,1,376,5.932245187448011,True,False,False,False,False,False
402,107907,Photo,4,3,4,1,149,5.0106352940962555,True,False,False,False,False,True
403,107907,Link,4,2,6,0,420,6.042632833682381,False,False,False,False,True,False
404,107907,Photo,4,1,3,0,77,4.356708826689592,True,False,True,False,False,True
405,107907,Photo,4,7,10,0,90,4.51085950651685,True,False,True,False,True,False
406,107907,Photo,4,7,3,0,124,4.8283137373023015,True,False,True,False,False,True
407,106928,Photo,4,6,9,1,67,4.219507705176107,True,False,True,False,True,False
408,106928,Link,4,6,4,0,44,3.8066624897703196,False,False,False,False,False,True
409,106928,Photo,4,5,13,0,168,5.1298987149230735,True,True,False,False,False,False
410,106928,Photo,4,5,3,0,173,5.159055299214529,True,True,False,False,False,True
411,106928,Photo,4,4,13,0,91,4.5217885770490405,True,False,True,False,False,False
412,106928,Photo,4,4,3,1,104,4.653960350157523,True,False,False,False,False,True
413,104070,Photo,3,5,14,1,81,4.406719247264253,True,False,False,False,False,False
414,104070,Photo,3,4,14,1,208,5.342334251964811,True,False,False,False,False,False
415,104070,Photo,3,4,7,0,249,5.521460917862246,True,False,False,False,True,False
416,104070,Status,3,3,15,0,34,3.5553480614894135,False,False,False,False,False,False
417,104070,Photo,3,3,10,0,0,0.0,True,False,False,False,True,False
418,102112,Photo,3,3,10,0,39,3.6888794541139363,True,False,False,False,True,False
419,102112,Photo,3,3,4,0,53,3.9889840465642745,True,False,False,False,False,True
420,102112,Photo,3,2,12,0,74,4.31748811353631,True,False,False,False,False,False
421,102112,Photo,3,2,3,0,39,3.6888794541139363,True,False,False,False,False,True
422,102112,Photo,3,1,19,0,2,1.0986122886681098,True,False,False,True,False,False
423,102112,Photo,3,1,18,0,120,4.795790545596741,True,False,False,True,False,False
424,102112,Photo,3,1,18,0,38,3.6635616461296463,True,False,False,True,False,False
425,102112,Link,3,1,3,0,85,4.454347296253507,False,False,True,False,False,True
426,100732,Photo,3,7,18,0,7,2.0794415416798357,True,False,False,True,False,False
427,100732,Photo,3,7,17,0,230,5.442417710521793,True,False,False,True,False,False
428,100732,Photo,3,7,15,0,2,1.0986122886681098,True,False,False,False,False,False
429,100732,Photo,3,7,15,0,3,1.3862943611198906,True,False,False,False,False,False
430,100732,Link,3,7,14,0,6,1.9459101490553132,False,False,False,False,False,False
431,100732,Photo,3,7,12,0,4,1.6094379124341003,True,False,False,False,False,False
432,100732,Photo,3,6,17,0,5,1.791759469228055,True,False,False,True,False,False
433,100732,Photo,3,6,17,0,237,5.472270673671475,True,False,False,True,False,False
434,100732,Photo,3,6,15,0,17,2.8903717578961645,True,False,False,False,False,False
435,100732,Photo,3,6,15,0,110,4.709530201312334,True,False,False,False,False,False
436,100732,Photo,3,6,13,1,143,4.969813299576001,True,False,False,False,False,False
437,100732,Photo,3,6,10,0,149,5.0106352940962555,True,False,False,False,True,False
438,98195,Link,3,6,6,0,49,3.912023005428146,False,True,False,False,True,False
439,98195,Photo,3,6,3,0,86,4.465908118654584,True,False,False,False,False,True
440,98195,Photo,3,5,10,0,36,3.6109179126442243,True,False,False,False,True,False
441,98195,Photo,3,5,4,1,0,0.0,True,False,False,False,False,True
442,98195,Photo,3,4,13,0,771,6.648984550024776,True,False,True,False,False,False
443,96749,Photo,3,2,9,0,73,4.30406509320417,True,False,True,False,True,False
444,96749,Photo,3,2,5,0,68,4.23410650459726,True,True,False,False,True,False
445,96749,Photo,3,1,13,1,63,4.1588830833596715,True,False,False,False,False,False
446,96749,Photo,3,1,2,1,228,5.43372200355424,True,False,False,False,False,True
447,96749,Photo,3,7,10,1,118,4.77912349311153,True,False,False,False,True,False
448,96749,Photo,3,7,5,1,67,4.219507705176107,True,False,False,False,True,False
449,93684,Photo,2,6,13,1,266,5.58724865840025,True,False,False,False,False,False
450,93577,Photo,2,6,6,0,172,5.153291594497779,True,False,False,False,True,False
451,93470,Photo,2,5,12,0,125,4.836281906951478,True,False,False,False,False,False
452,93363,Photo,2,5,6,0,68,4.23410650459726,True,False,False,False,True,False
453,93256,Photo,2,4,12,0,128,4.859812404361672,True,False,True,False,False,False
454,93149,Photo,2,4,3,0,282,5.645446897643238,True,False,True,False,False,True
455,93042,Photo,2,3,13,0,217,5.384495062789089,True,False,True,False,False,False
456,92935,Photo,2,3,9,1,29,3.4011973816621555,True,False,False,False,True,False
457,92828,Photo,2,3,6,0,178,5.187385805840755,True,False,False,False,True,False
458,92721,Photo,2,2,13,0,165,5.111987788356544,True,False,True,False,False,False
459,92614,Photo,2,2,3,1,163,5.099866427824199,True,True,False,False,False,True
460,92507,Photo,2,1,13,0,1873,7.535830462798367,True,False,True,False,False,False
461,92400,Photo,2,1,4,0,95,4.564348191467836,True,False,False,False,False,True
462,92293,Photo,2,7,13,1,311,5.7430031878094825,True,False,True,False,False,False
463,92186,Photo,2,7,2,1,176,5.176149732573829,True,False,True,False,False,True
464,92079,Photo,2,6,13,0,313,5.749392985908253,True,False,False,False,False,False
465,91972,Photo,2,6,3,0,170,5.14166355650266,True,False,True,False,False,True
466,91865,Photo,2,5,13,1,71,4.276666119016055,True,True,False,False,False,False
467,91758,Photo,2,5,3,1,238,5.476463551931511,True,True,False,False,False,True
468,91651,Photo,2,4,12,0,305,5.723585101952381,True,False,False,False,False,False
469,91544,Photo,2,4,3,0,264,5.579729825986222,True,False,True,False,False,True
470,91437,Link,2,3,13,0,131,4.882801922586371,False,False,False,False,False,False
471,91330,Photo,2,3,3,0,224,5.41610040220442,True,False,True,False,False,True
472,91223,Photo,2,2,13,0,61,4.127134385045092,True,False,False,False,False,False
473,91116,Photo,2,2,4,1,182,5.209486152841421,True,False,True,False,False,True
474,91009,Photo,2,1,12,0,86,4.465908118654584,True,False,False,False,False,False
475,86909,Photo,1,6,16,1,84,4.442651256490317,True,False,True,False,False,False
476,86909,Photo,1,6,10,1,633,6.452048954437226,True,False,False,False,True,False
477,86909,Link,1,6,4,0,107,4.68213122712422,False,False,False,False,False,True
478,86909,Photo,1,5,13,0,106,4.672828834461906,True,False,True,False,False,False
479,86909,Photo,1,5,4,0,127,4.852030263919617,True,False,True,False,False,True
480,86909,Photo,1,4,11,0,515,6.246106765481563,True,True,False,False,True,False
481,86491,Link,1,4,4,1,7,2.0794415416798357,False,False,False,False,False,True
482,86491,Photo,1,3,10,0,226,5.424950017481403,True,False,True,False,True,False
483,86491,Photo,1,3,3,0,97,4.584967478670572,True,True,False,False,False,True
484,86491,Photo,1,2,7,0,108,4.6913478822291435,True,False,True,False,True,False
485,86491,Link,1,2,2,0,14,2.70805020110221,False,False,False,False,False,True
486,85979,Photo,1,1,12,0,83,4.430816798843313,True,False,True,False,False,False
487,85979,Photo,1,1,2,0,66,4.204692619390966,True,False,True,False,False,True
488,85979,Photo,1,7,10,0,378,5.937536205082426,True,False,True,False,True,False
489,85979,Photo,1,7,2,0,103,4.6443908991413725,True,False,True,False,False,True
490,85979,Photo,1,6,11,0,110,4.709530201312334,True,False,True,False,True,False
491,85979,Photo,1,6,3,1,152,5.030437921392435,True,False,True,False,False,True
492,85979,Link,1,5,11,0,137,4.927253685157205,False,False,False,False,True,False
493,85093,Photo,1,1,2,0,257,5.552959584921617,True,False,True,False,False,True
494,85093,Photo,1,7,10,0,176,5.176149732573829,True,False,True,False,True,False
495,85093,Photo,1,7,2,0,84,4.442651256490317,True,False,True,False,False,True
496,81370,Photo,1,5,8,0,75,4.330733340286331,True,True,False,False,True,False
497,81370,Photo,1,5,2,0,115,4.7535901911063645,True,False,False,False,False,True
498,81370,Photo,1,4,11,0,136,4.919980925828125,True,False,True,False,True,False
499,81370,Photo,1,4,4,0,119,4.787491742782046,True,True,False,False,False,True
